count,pres,temp,humi,voc,red,green,blue,ir
0,897.92,24.33,38.90,65530,154,166,81,109
1,897.97,24.14,37.90,30423,180,191,94,113
2,897.95,24.10,36.70,31099,191,202,99,121
3,897.87,24.03,35.60,31362,188,199,97,119
4,897.94,24.06,34.80,31443,185,196,96,117
5,897.90,24.06,34.30,31514,183,193,94,115
6,897.95,23.99,33.70,31591,180,190,93,114
7,897.95,23.98,33.40,31663,178,189,92,113
8,897.98,23.91,32.90,31714,176,186,91,111
9,897.94,23.92,32.70,31759,173,183,89,109
10,897.99,23.90,32.50,31794,170,179,88,107
11,898.01,23.83,32.30,31831,166,176,86,105
12,897.89,23.75,32.10,31875,163,172,84,102
13,897.90,23.69,32.10,31914,159,168,82,100
14,897.88,23.60,32.00,31951,155,164,80,97
15,897.93,23.55,32.10,31986,151,160,79,95
16,897.94,23.54,32.10,31987,147,156,76,92
17,897.95,23.44,32.10,31987,143,152,74,90
18,897.93,23.45,32.10,31974,139,148,72,87
19,897.95,23.40,32.00,31979,137,146,72,86
20,897.98,23.31,32.00,31990,134,143,70,84
21,897.99,23.27,32.00,31975,131,139,69,82
22,897.93,23.21,32.10,31987,128,137,67,81
23,897.96,23.17,32.10,31986,126,134,66,79
24,898.05,23.12,32.10,31987,123,131,65,77
25,897.91,23.03,32.10,32014,121,128,64,76
26,897.93,22.95,32.10,32011,118,126,63,74
27,897.93,22.86,32.10,32027,118,125,62,74
28,897.88,22.79,32.10,32046,118,126,63,74
29,897.95,22.72,32.20,32055,120,128,63,75
30,897.98,22.64,32.20,32082,121,129,64,76
31,897.89,22.59,32.20,32111,123,132,65,78
32,898.00,22.50,32.20,32103,126,134,66,79
33,898.04,22.46,32.20,32130,128,136,68,81
34,897.98,22.42,32.30,32131,130,139,69,83
35,898.01,22.39,32.30,32134,132,141,70,84
36,897.98,22.30,32.40,32135,135,145,71,86
37,897.98,22.26,32.50,32123,139,148,73,88
38,897.95,22.23,32.50,32146,143,152,75,91
39,897.93,22.17,32.60,32123,147,157,77,94
40,898.07,22.15,32.70,32118,151,162,80,97
41,897.97,22.13,32.70,32119,157,167,83,100
42,898.02,22.12,32.80,32095,161,171,85,103
43,898.00,22.08,32.80,32106,166,176,87,106
44,897.97,22.00,32.80,32099,169,179,88,108
45,897.92,22.00,32.90,32102,172,183,91,111
46,898.01,21.99,32.90,32111,176,187,92,113
47,897.98,21.95,32.80,32123,180,191,94,116
48,897.92,21.92,32.90,32134,184,195,96,118
49,897.94,21.90,33.10,32111,188,200,99,121
50,897.91,21.86,33.20,32098,192,204,102,124
51,897.88,21.85,33.20,32099,197,209,104,127
52,897.82,21.83,33.20,32103,201,212,106,130
53,897.91,21.78,33.20,32102,202,214,106,130
54,897.97,21.75,33.20,32123,204,217,107,132
55,897.87,21.70,33.20,32142,206,218,108,133
56,897.99,21.65,33.20,32159,207,219,109,134
57,897.93,21.62,33.20,32163,207,220,109,134
58,897.85,21.64,33.30,32150,207,220,109,134
59,897.91,21.58,33.30,32163,206,219,109,134
60,897.91,21.61,33.30,32170,205,217,108,133
61,897.89,21.58,33.40,32163,203,216,107,132
62,897.86,21.56,33.50,32147,201,214,106,130
63,897.84,21.60,33.50,32130,199,211,105,129
64,897.90,21.56,33.60,32111,198,210,105,128
65,897.85,21.54,33.60,32090,194,208,104,126
66,897.80,21.52,33.70,32099,192,205,103,125
67,897.90,21.55,33.70,32123,190,203,102,123
68,897.81,21.57,33.70,32106,189,201,101,122
69,897.92,21.52,33.70,32099,187,200,101,121
70,897.93,21.50,33.80,32126,186,198,99,120
71,897.80,21.45,33.80,32147,185,197,98,119
72,897.95,21.46,33.90,32143,184,197,98,119
73,897.91,21.48,33.90,32138,184,196,98,118
74,897.93,21.45,33.90,32135,184,196,98,118
75,897.91,21.45,34.00,32130,184,196,98,118
76,897.87,21.41,33.90,32139,184,197,98,118
77,897.93,21.40,33.90,32143,185,197,98,119
78,897.88,21.39,34.00,32158,185,198,98,119
79,897.82,21.42,34.00,32155,186,198,98,119
80,897.84,21.39,33.90,32146,186,198,98,119
81,897.95,21.37,34.00,32139,186,198,98,119
82,897.87,21.35,34.00,32143,187,199,98,120
83,897.90,21.33,34.10,32146,187,199,98,120
84,897.87,21.34,34.10,32147,188,200,99,120
85,897.96,21.32,34.10,32154,189,201,99,121
86,897.90,21.33,34.20,32167,189,201,99,121
87,897.89,21.33,34.20,32163,190,202,101,122
88,897.92,21.34,34.20,32154,191,203,101,122
89,897.90,21.31,34.30,32155,191,203,101,123
90,897.98,21.31,34.30,32166,191,203,101,123
91,897.90,21.28,34.30,32195,192,204,101,123
92,897.92,21.30,34.30,32183,192,203,101,123
93,897.89,21.28,34.30,32150,191,203,101,123
94,897.92,21.27,34.30,32155,191,203,101,123
95,897.90,21.29,34.30,32166,191,203,99,123
96,897.92,21.26,34.30,32175,190,202,99,122
97,897.94,21.22,34.40,32175,190,201,99,122
98,897.95,21.21,34.40,32174,189,201,99,122
99,897.95,21.28,34.40,32163,189,201,98,122
100,897.96,21.23,34.50,32174,188,200,98,121
101,897.92,21.23,34.40,32167,188,200,98,121
102,898.02,21.23,34.50,32171,188,199,98,121
103,897.94,21.22,34.40,32174,188,199,98,121
104,897.87,21.23,34.50,32171,188,199,98,121
105,897.98,21.23,34.60,32166,188,199,98,122
106,897.99,21.20,34.60,32147,188,200,98,122
107,897.90,21.22,34.50,32167,188,200,98,122
108,897.97,21.21,34.50,32174,188,200,99,122
109,897.86,21.24,34.50,32159,189,201,99,123
110,897.91,21.24,34.50,32162,189,201,99,123
111,897.93,21.25,34.40,32163,189,201,99,123
112,897.95,21.24,34.40,32167,189,201,99,123
113,897.85,21.23,34.40,32162,189,201,99,123
114,897.96,21.25,34.40,32143,189,201,99,123
115,897.79,21.23,34.30,32126,189,201,99,123
116,897.91,21.22,34.30,32135,188,201,99,123
117,897.95,21.18,34.30,32143,188,201,101,123
118,897.85,21.17,34.40,32154,189,201,101,124
119,897.88,21.16,34.40,32167,189,201,101,124
120,897.90,21.20,34.40,32182,190,202,102,125
121,897.90,21.15,34.50,32191,191,204,103,126
122,897.82,21.16,34.40,32183,193,206,103,127
123,897.80,21.16,34.40,32194,193,206,103,127
124,897.94,21.18,34.40,32171,195,209,104,129
125,897.86,21.17,34.50,32182,198,211,106,130
126,897.85,21.19,34.50,32159,200,213,107,131
127,897.88,21.16,34.40,32151,203,215,108,133
128,897.87,21.20,34.40,32162,205,218,109,135
129,897.84,21.23,34.40,32155,208,221,111,137
130,897.85,21.17,34.50,32138,210,224,112,138
131,897.87,21.17,34.40,32147,212,226,114,140
132,897.82,21.18,34.40,32139,215,229,115,142
133,897.80,21.17,34.40,32138,217,231,116,143
134,897.89,21.15,34.50,32147,219,234,117,145
135,897.90,21.22,34.50,32142,221,236,119,147
136,897.90,21.15,34.40,32147,223,238,120,148
137,897.78,21.18,34.40,32143,225,240,121,149
138,897.83,21.16,34.50,32154,225,240,121,149
139,897.90,21.16,34.50,32159,226,242,121,150
140,897.85,21.14,34.50,32146,227,243,122,151
141,897.89,21.15,34.50,32131,229,244,124,152
142,897.77,21.17,34.50,32135,230,246,125,152
143,897.85,21.18,34.60,32122,231,248,125,154
144,897.94,21.18,34.60,32107,233,250,127,155
145,897.80,21.19,34.60,32090,236,252,128,157
146,897.77,21.17,34.60,32087,239,255,129,159
147,897.78,21.18,34.60,32079,243,259,131,161
148,897.82,21.18,34.60,32078,247,263,133,164
149,897.80,21.17,34.60,32091,251,268,136,167
150,897.87,21.21,34.50,32094,257,274,139,171
151,897.78,21.20,34.50,32111,262,279,141,174
152,897.83,21.21,34.50,32103,268,286,144,179
153,897.75,21.19,34.50,32106,275,293,149,184
154,897.89,21.19,34.50,32115,281,300,152,188
155,897.91,21.19,34.60,32126,288,306,155,192
156,897.90,21.19,34.50,32111,293,311,157,195
157,897.78,21.16,34.50,32123,298,316,159,199
158,897.85,21.15,34.40,32138,301,321,162,201
159,897.83,21.14,34.50,32147,304,323,163,203
160,897.87,21.18,34.50,32130,305,324,164,204
161,897.81,21.16,34.50,32143,304,324,164,203
162,897.83,21.16,34.50,32135,302,321,163,201
163,897.83,21.20,34.50,32106,298,318,161,199
164,897.82,21.17,34.50,32103,294,313,159,195
165,897.88,21.19,34.50,32110,290,310,158,193
166,897.76,21.19,34.50,32111,285,304,156,189
167,897.89,21.22,34.50,32111,278,299,153,185
168,897.84,21.21,34.50,32122,272,293,151,181
169,897.91,21.22,34.50,32103,267,287,148,177
170,897.79,21.25,34.60,32102,261,281,144,173
171,897.86,21.23,34.50,32119,256,276,143,170
172,897.87,21.26,34.60,32115,251,271,140,166
173,897.82,21.23,34.60,32106,247,266,138,163
174,897.82,21.25,34.60,32107,243,262,136,160
175,897.82,21.22,34.60,32122,239,260,135,158
176,897.79,21.20,34.60,32119,237,257,134,157
177,897.80,21.20,34.50,32135,236,256,133,156
178,897.79,21.16,34.50,32138,236,256,133,155
179,897.82,21.13,34.50,32167,237,256,133,156
180,897.85,21.13,34.60,32166,238,258,134,157
181,897.74,21.10,34.60,32155,241,260,134,158
182,897.84,21.08,34.60,32167,244,263,136,160
183,897.85,21.08,34.50,32174,248,266,137,163
184,897.82,21.08,34.50,32151,252,270,139,165
185,897.83,21.10,34.50,32166,256,275,141,168
186,897.84,21.11,34.60,32171,260,279,143,171
187,897.85,21.09,34.50,32167,264,283,144,173
188,897.81,21.10,34.60,32150,268,287,146,176
189,897.86,21.13,34.60,32163,271,290,148,179
190,897.89,21.12,34.50,32134,274,293,149,181
191,897.85,21.12,34.50,32135,276,295,150,182
192,897.87,21.14,34.60,32143,277,297,151,183
193,897.85,21.14,34.50,32122,278,297,151,183
194,897.87,21.14,34.60,32107,278,296,150,183
195,897.83,21.17,34.60,32118,276,295,149,182
196,897.91,21.19,34.60,32119,274,293,148,181
197,897.88,21.14,34.50,32127,272,290,147,178
198,897.85,21.16,34.50,32134,268,286,144,176
199,897.86,21.13,34.50,32123,264,281,141,173
200,897.92,21.18,34.50,32146,260,277,140,170
201,897.89,21.17,34.50,32143,254,271,137,166
202,897.89,21.16,34.50,32151,248,265,134,162
203,897.86,21.17,34.50,32142,242,258,130,158
204,897.84,21.17,34.60,32143,235,251,127,153
205,897.84,21.16,34.50,32150,229,245,122,149
206,897.93,21.16,34.60,32135,223,239,120,146
207,897.95,21.21,34.50,32127,217,232,117,142
208,897.98,21.19,34.60,32110,211,226,113,137
209,897.87,21.19,34.70,32103,205,219,110,133
210,897.97,21.20,34.70,32090,200,214,107,130
211,897.90,21.23,34.70,32095,194,208,105,126
212,897.90,21.20,34.70,32115,190,204,103,124
213,897.95,21.19,34.60,32122,186,200,101,121
214,897.89,21.21,34.60,32127,182,195,98,119
215,898.00,21.19,34.60,32142,179,192,96,117
216,898.01,21.20,34.50,32139,176,188,94,115
217,897.87,21.21,34.50,32147,173,185,92,113
218,897.94,21.17,34.50,32130,171,183,91,111
219,897.96,21.24,34.50,32155,169,180,90,110
220,898.01,21.20,34.40,32162,167,178,89,109
221,897.96,21.20,34.50,32151,166,177,88,108
222,897.98,21.18,34.50,32151,165,176,87,108
223,897.92,21.18,34.50,32178,164,175,87,107
224,898.00,21.17,34.50,32171,165,175,87,108
225,897.95,21.16,34.50,32182,165,176,87,108
226,897.97,21.15,34.50,32195,166,177,87,109
227,897.96,21.14,34.50,32187,167,178,88,110
228,897.97,21.19,34.50,32174,169,179,88,110
229,897.97,21.16,34.50,32191,170,180,89,111
230,897.93,21.17,34.50,32178,171,182,90,112
231,898.11,21.16,34.50,32171,172,183,90,113
232,897.90,21.17,34.50,32155,173,184,91,114
233,897.91,21.19,34.50,32170,174,185,91,115
234,898.02,21.17,34.50,32179,175,186,92,115
235,897.98,21.18,34.50,32178,176,187,92,116
236,898.01,21.16,34.50,32179,177,188,93,117
237,898.02,21.19,34.60,32187,178,189,93,118
238,897.93,21.19,34.60,32182,179,190,94,118
239,897.87,21.21,34.50,32183,180,191,94,119
240,897.97,21.20,34.60,32174,181,192,95,120
241,897.93,21.19,34.50,32167,181,193,95,120
242,897.97,21.18,34.60,32167,182,194,96,121
243,897.97,21.15,34.50,32174,183,195,96,121
244,897.95,21.16,34.60,32179,184,196,97,122
245,897.99,21.16,34.50,32166,185,197,97,123
246,897.94,21.13,34.50,32175,186,197,98,123
247,898.01,21.13,34.50,32179,186,198,98,124
248,898.04,21.16,34.60,32194,187,199,98,124
249,897.93,21.17,34.50,32183,187,199,99,124
250,898.00,21.16,34.70,32158,187,199,99,124
251,897.93,21.16,34.60,32183,187,199,99,124
252,897.99,21.16,34.60,32171,187,199,99,124
253,897.99,21.16,34.60,32166,187,199,99,124
254,897.94,21.16,34.70,32175,187,199,99,124
255,897.87,21.18,34.60,32154,186,199,99,124
256,897.90,21.16,34.50,32155,186,199,99,124
257,897.89,21.16,34.50,32159,187,199,99,124
258,897.97,21.14,34.60,32158,187,200,101,124
259,897.93,21.18,34.60,32167,188,200,101,125
260,898.07,21.15,34.70,32166,188,201,102,125
261,897.96,21.15,34.70,32163,189,202,102,126
262,897.97,21.16,34.70,32155,190,203,102,126
263,897.97,21.20,34.70,32150,192,205,103,127
264,897.89,21.19,34.70,32139,194,207,104,129
265,897.97,21.19,34.60,32138,197,210,105,130
266,897.95,21.21,34.60,32147,200,212,107,132
267,898.07,21.19,34.50,32143,202,215,108,134
268,897.95,21.19,34.60,32126,205,218,110,136
269,898.05,21.17,34.60,32127,208,221,111,138
270,897.92,21.18,34.60,32130,210,224,112,139
271,897.91,21.17,34.50,32123,213,227,114,141
272,897.96,21.18,34.50,32135,216,230,115,143
273,897.98,21.15,34.50,32150,218,232,116,145
274,898.00,21.11,34.60,32151,220,235,118,146
275,897.99,21.10,34.60,32174,223,237,119,148
276,898.02,21.09,34.50,32199,225,239,120,150
277,897.89,21.06,34.60,32199,226,241,121,151
278,897.94,21.05,34.60,32190,227,242,120,151
279,897.87,21.04,34.60,32187,228,243,121,152
280,897.97,21.11,34.60,32178,229,245,122,153
281,897.92,21.13,34.70,32155,230,246,122,154
282,897.91,21.11,34.70,32131,231,247,124,155
283,897.91,21.12,34.70,32134,232,247,124,156
284,897.96,21.12,34.60,32151,233,248,125,157
285,897.99,21.14,34.60,32142,234,249,125,158
286,897.97,21.13,34.60,32131,235,250,126,159
287,897.91,21.13,34.70,32103,236,252,126,160
288,898.06,21.10,34.60,32134,238,253,127,161
289,897.95,21.09,34.60,32139,241,255,128,163
290,898.01,21.08,34.60,32150,242,257,129,165
291,897.89,21.06,34.60,32171,245,260,130,167
292,897.90,21.05,34.60,32167,247,262,131,169
293,897.90,21.08,34.50,32154,250,265,132,171
294,897.88,21.05,34.50,32155,251,266,133,173
295,897.99,21.04,34.50,32150,254,269,134,175
296,897.96,21.02,34.50,32167,256,272,135,177
297,897.87,21.05,34.50,32155,259,274,136,179
298,897.94,21.05,34.50,32150,261,276,137,181
299,897.88,21.05,34.60,32151,262,278,138,183
300,897.89,21.07,34.50,32150,264,280,139,184
301,897.88,21.08,34.50,32151,265,281,140,186
302,897.93,21.08,34.50,32147,266,282,140,187
303,897.98,21.11,34.60,32118,267,283,141,188
304,897.98,21.13,34.60,32107,267,283,141,189
305,897.96,21.14,34.60,32110,268,284,141,189
306,897.92,21.11,34.60,32131,267,284,141,190
307,897.86,21.14,34.60,32155,267,283,141,190
308,897.88,21.10,34.60,32150,266,283,141,190
309,897.91,21.12,34.50,32147,266,282,141,190
310,897.94,21.13,34.40,32134,265,282,141,190
311,897.88,21.15,34.40,32119,265,282,141,190
312,897.89,21.14,34.60,32107,266,282,141,191
313,897.94,21.12,34.50,32118,265,282,140,190
314,897.94,21.12,34.60,32131,266,283,141,191
315,897.95,21.12,34.50,32138,267,284,142,192
316,897.91,21.14,34.50,32151,268,286,143,193
317,897.95,21.16,34.50,32143,270,288,144,195
318,897.94,21.21,34.40,32130,273,291,146,197
319,897.91,21.17,34.40,32115,276,294,148,199
320,897.99,21.16,34.40,32122,280,298,150,202
321,897.91,21.15,34.40,32127,285,303,153,205
322,897.91,21.14,34.30,32119,290,309,156,209
323,897.90,21.17,34.30,32110,295,315,158,213
324,897.91,21.15,34.30,32111,302,322,162,218
325,897.96,21.16,34.30,32122,310,330,166,224
326,897.86,21.15,34.30,32123,319,340,172,231
327,898.01,21.14,34.40,32111,328,349,176,237
328,897.92,21.14,34.40,32114,339,360,181,245
329,897.91,21.15,34.30,32111,350,372,187,253
330,897.91,21.16,34.30,32110,361,384,194,261
331,897.91,21.21,34.30,32123,374,398,201,271
332,897.88,21.19,34.20,32115,387,411,207,279
333,897.88,21.19,34.20,32114,400,426,215,290
334,897.89,21.21,34.30,32099,414,440,222,300
335,897.82,21.22,34.30,32090,428,454,229,309
336,897.98,21.27,34.20,32083,442,469,237,319
337,897.88,21.27,34.20,32079,454,482,243,327
338,897.88,21.25,34.20,32086,468,496,250,337
339,897.90,21.24,34.10,32079,481,510,258,346
340,897.93,21.23,34.10,32102,492,522,264,354
341,897.84,21.21,33.90,32115,505,535,271,362
342,897.85,21.19,34.00,32111,516,547,277,370
343,897.90,21.20,34.00,32134,526,558,283,376
344,897.92,21.19,33.90,32127,535,568,288,382
345,897.86,21.20,33.90,32122,544,578,293,388
346,897.93,21.21,34.00,32103,554,588,298,394
347,897.88,21.22,34.00,32111,562,596,303,399
348,897.89,21.28,34.00,32094,571,606,308,405
349,897.87,21.25,34.00,32087,581,616,313,411
350,897.91,21.27,34.00,32082,592,627,318,417
351,897.92,21.31,34.00,32091,601,637,323,423
352,897.97,21.27,33.90,32095,611,648,329,430
353,897.83,21.28,33.80,32102,621,659,335,437
354,897.99,21.26,33.80,32099,631,670,340,444
355,897.99,21.30,33.80,32094,641,679,344,450
356,897.97,21.31,33.90,32103,651,690,351,457
357,897.93,21.28,33.80,32123,662,701,356,465
358,897.93,21.31,33.80,32134,671,711,360,472
359,897.81,21.29,33.80,32131,682,721,365,479
360,897.87,21.29,33.80,32126,690,730,371,485
361,897.94,21.29,33.90,32111,697,737,374,490
362,897.96,21.31,33.80,32103,702,743,377,494
363,897.80,21.28,33.80,32098,708,749,380,498
364,897.93,21.29,33.80,32107,712,753,382,501
365,897.88,21.33,33.60,32102,715,756,384,503
366,897.90,21.34,33.60,32123,716,758,385,504
367,897.91,21.34,33.60,32123,717,759,385,504
368,897.91,21.33,33.60,32110,716,759,385,504
369,897.89,21.30,33.60,32115,715,758,385,503
370,897.89,21.32,33.60,32134,713,757,384,501
371,897.95,21.37,33.60,32119,709,753,383,499
372,897.94,21.34,33.60,32123,705,748,382,495
373,897.81,21.33,33.50,32122,699,742,379,491
374,897.90,21.33,33.50,32119,694,737,377,487
375,897.91,21.33,33.60,32118,687,731,375,482
376,897.87,21.34,33.50,32119,681,725,372,477
377,897.91,21.37,33.50,32123,675,719,370,473
378,897.95,21.34,33.40,32118,670,714,366,469
379,897.95,21.32,33.50,32115,665,709,364,466
380,897.96,21.35,33.60,32114,662,706,363,463
381,897.81,21.33,33.60,32111,660,703,362,462
382,897.83,21.41,33.60,32099,659,703,362,462
383,897.89,21.42,33.50,32094,658,702,362,461
384,897.93,21.44,33.60,32083,657,701,361,461
385,897.91,21.44,33.60,32082,657,702,361,461
386,897.85,21.47,33.70,32079,658,702,361,462
387,897.89,21.45,33.80,32079,658,702,361,462
388,897.81,21.45,33.70,32078,657,700,360,462
389,897.96,21.44,33.70,32067,657,701,361,462
390,897.95,21.46,33.60,32062,656,699,360,462
391,897.88,21.45,33.70,32067,655,698,359,461
392,897.96,21.45,33.80,32055,655,698,359,461
393,897.91,21.43,33.70,32062,655,698,359,461
394,897.87,21.45,33.70,32043,655,698,359,462
395,897.89,21.45,33.70,32038,657,700,360,463
396,897.92,21.45,33.70,32047,658,701,360,465
397,897.93,21.46,33.80,32027,661,704,361,467
398,897.94,21.48,33.80,32030,664,707,363,469
399,897.89,21.50,33.70,32031,667,710,364,472
400,897.87,21.46,33.70,32034,670,713,366,474
401,897.98,21.46,33.60,32043,673,716,367,476
402,897.95,21.44,33.60,32051,676,720,370,479
403,897.82,21.45,33.40,32054,682,726,372,483
404,897.88,21.44,33.40,32059,687,730,374,487
405,897.92,21.42,33.50,32050,694,737,377,492
406,897.92,21.43,33.50,32043,701,745,381,498
407,897.87,21.44,33.60,32039,709,753,385,505
408,897.87,21.45,33.60,32026,717,761,388,511
409,897.96,21.43,33.60,32019,727,770,393,518
410,897.87,21.47,33.50,32022,735,779,397,525
411,897.93,21.47,33.50,32039,741,785,400,530
412,897.86,21.46,33.50,32027,746,790,402,533
413,897.91,21.48,33.50,32018,749,793,404,536
414,897.88,21.50,33.50,32023,750,795,404,536
415,898.00,21.49,33.50,32006,752,797,405,537
416,897.90,21.52,33.50,31999,753,799,406,538
417,897.98,21.50,33.50,31999,754,799,406,537
418,897.93,21.50,33.50,31990,754,800,406,537
419,897.91,21.53,33.60,31987,754,800,406,537
420,897.95,21.53,33.50,31994,753,799,406,536
421,897.91,21.51,33.40,32003,751,797,406,535
422,897.92,21.55,33.30,32003,748,794,404,532
423,897.97,21.54,33.40,32006,746,791,403,531
424,897.91,21.54,33.40,31991,743,789,402,529
425,897.94,21.53,33.40,32014,743,787,402,528
426,897.90,21.57,33.30,32007,743,788,402,528
427,897.89,21.52,33.50,32011,743,788,402,528
428,897.83,21.55,33.40,32006,743,788,402,528
429,897.91,21.56,33.40,32003,743,788,402,528
430,897.89,21.58,33.50,31998,744,790,403,529
431,897.89,21.55,33.50,31999,747,793,405,532
432,897.93,21.55,33.40,31991,752,799,407,536
433,898.01,21.55,33.40,31986,759,805,410,541
434,897.92,21.52,33.30,32003,767,812,415,546
435,897.94,21.55,33.40,32006,773,819,418,550
436,898.03,21.52,33.40,32011,777,824,420,554
437,897.93,21.51,33.30,32015,781,828,422,557
438,897.96,21.50,33.30,32018,786,833,425,560
439,897.99,21.51,33.40,32019,792,840,428,565
440,897.92,21.49,33.30,32030,797,845,431,569
441,897.96,21.51,33.30,32035,803,852,434,574
442,897.96,21.49,33.20,32039,807,856,437,577
443,897.93,21.52,33.20,32026,813,861,440,580
444,897.84,21.54,33.30,32027,816,864,441,582
445,897.99,21.56,33.30,32018,819,868,443,584
446,897.93,21.59,33.30,32019,821,870,445,586
447,897.96,21.58,33.30,32015,822,872,446,587
448,897.96,21.59,33.60,31998,824,874,447,589
449,898.02,21.58,33.50,31991,825,875,448,589
450,898.01,21.60,33.60,31982,826,876,449,589
451,897.99,21.60,33.50,31979,826,877,449,590
452,897.93,21.61,33.40,31979,827,878,450,590
453,897.96,21.61,33.40,31978,830,880,451,591
454,898.00,21.62,33.50,31979,831,881,452,591
455,897.92,21.62,33.50,31966,831,882,452,591
456,897.93,21.62,33.50,31951,832,882,453,591
457,897.89,21.60,33.50,31959,832,882,453,591
458,897.98,21.62,33.40,31942,832,883,453,591
459,897.90,21.60,33.40,31951,830,881,453,589
460,897.88,21.60,33.40,31962,827,878,452,586
461,897.96,21.63,33.40,31963,823,875,450,583
462,897.96,21.63,33.40,31983,821,872,450,581
463,897.96,21.64,33.40,31966,819,870,449,579
464,897.89,21.67,33.50,31971,816,867,448,577
465,897.90,21.67,33.60,31954,812,863,446,574
466,897.91,21.67,33.60,31939,807,859,444,570
467,897.95,21.69,33.60,31943,802,855,442,566
468,897.92,21.72,33.50,31938,801,853,441,565
469,897.89,21.69,33.60,31907,802,854,442,565
470,897.92,21.68,33.60,31906,805,858,444,568
471,898.01,21.67,33.60,31919,811,863,446,571
472,897.88,21.67,33.60,31915,817,869,449,575
473,897.87,21.68,33.70,31910,824,877,452,580
474,897.78,21.72,33.60,31915,832,885,456,586
475,897.91,21.72,33.50,31926,844,897,462,595
476,897.89,21.72,33.50,31923,858,910,468,606
477,897.91,21.71,33.60,31923,860,914,471,605
478,897.99,21.73,33.60,31906,863,918,473,607
479,897.90,21.72,33.70,31911,867,923,476,609
480,897.96,21.72,33.50,31910,875,932,479,613
481,897.89,21.75,33.50,31903,885,942,486,619
482,897.83,21.79,33.40,31907,894,953,490,626
483,897.90,21.81,33.50,31910,903,960,494,633
484,897.92,21.80,33.60,31891,909,966,496,638
485,897.87,21.80,33.60,31874,913,969,498,643
486,897.89,21.77,33.60,31867,915,971,498,646
487,897.87,21.75,33.60,31879,916,972,499,648
488,897.98,21.78,33.60,31870,918,973,499,650
489,897.93,21.78,33.50,31879,918,973,499,651
490,897.86,21.78,33.40,31858,917,972,499,651
491,897.95,21.80,33.40,31867,915,969,497,650
492,897.86,21.79,33.60,31871,910,964,495,648
493,898.00,21.78,33.50,31862,903,956,491,644
494,897.83,21.82,33.50,31871,892,946,486,637
495,897.99,21.81,33.50,31870,880,934,481,628
496,897.88,21.80,33.40,31883,868,921,474,618
497,897.81,21.81,33.60,31871,853,905,467,607
498,898.00,21.84,33.50,31870,839,891,461,598
499,897.88,21.82,33.60,31863,825,877,453,587
500,897.93,21.85,33.60,31870,812,864,447,578
501,897.95,21.84,33.60,31859,797,849,440,567
502,897.98,21.83,33.80,31855,785,837,433,558
503,897.92,21.85,33.80,31850,776,827,429,551
504,898.03,21.86,33.70,31851,765,816,424,543
505,897.95,21.84,33.90,31850,756,808,420,537
506,897.98,21.87,33.90,31851,750,801,417,532
507,897.95,21.87,33.90,31839,746,797,415,531
508,897.91,21.85,33.90,31830,743,794,412,529
509,897.94,21.85,33.80,31831,741,791,411,528
510,897.82,21.83,33.80,31850,739,789,410,527
511,897.98,21.85,33.70,31851,740,790,410,528
512,897.96,21.82,33.80,31855,747,796,414,535
513,897.88,21.86,33.80,31846,748,797,412,536
514,897.96,21.87,33.60,31855,743,793,411,531
515,897.94,21.85,33.50,31858,747,797,414,535
516,897.94,21.89,33.50,31855,750,800,415,537
517,897.95,21.86,33.60,31839,772,819,423,556
518,898.02,21.85,33.60,31842,800,843,431,582
519,897.97,21.84,33.60,31851,784,830,427,567
520,898.05,21.81,33.50,31870,760,811,420,545
521,898.12,21.86,33.50,31875,760,811,420,543
522,897.96,21.83,33.60,31887,761,812,421,545
523,897.92,21.86,33.60,31878,765,815,423,548
524,898.00,21.85,33.60,31863,783,831,429,563
525,898.01,21.87,33.60,31862,814,857,440,591
526,897.95,21.91,33.50,31859,821,865,444,596
527,897.94,21.86,33.50,31867,815,862,444,587
528,897.97,21.85,33.50,31870,803,856,443,574
529,897.95,21.82,33.50,31867,785,842,440,553
530,898.00,21.83,33.40,31878,802,860,447,565
531,897.99,21.82,33.40,31867,818,876,455,576
532,897.94,21.86,33.30,31847,830,888,461,585
533,897.98,21.88,33.40,31834,815,877,457,567
534,897.99,21.93,33.30,31835,820,882,461,571
535,898.03,21.91,33.20,31790,826,887,463,576
536,897.96,21.90,33.30,31771,840,899,467,590
537,897.99,21.88,33.30,31755,822,884,462,573
538,897.99,21.90,33.40,31726,824,886,463,575
539,897.92,21.91,33.40,31735,835,896,467,584
540,898.03,21.91,33.40,31710,841,904,471,588
541,897.99,21.93,33.40,31703,869,929,483,611
542,897.98,21.91,33.30,31691,886,947,491,622
543,897.96,21.94,33.20,31686,915,973,503,648
544,897.86,21.95,33.10,31663,916,975,506,647
545,898.00,21.98,33.20,31646,933,991,512,663
546,897.97,21.91,33.20,31635,924,985,511,654
547,897.95,21.91,33.20,31651,914,975,507,644
548,897.91,21.89,33.10,31686,904,965,503,635
549,897.95,21.89,33.10,31695,879,941,492,615
550,897.98,21.88,33.10,31690,856,917,482,595
551,897.97,21.88,33.20,31683,830,893,470,575
552,897.86,21.91,33.30,31671,804,867,459,554
553,897.92,21.91,33.40,31678,778,841,447,530
554,897.91,21.91,33.50,31683,750,814,434,506
555,897.85,21.92,33.60,31674,725,789,424,484
556,897.91,21.92,33.50,31671,703,767,414,464
557,897.93,21.92,33.40,31671,681,746,404,445
558,898.01,21.94,33.50,31682,653,720,394,420
559,897.96,21.91,33.40,31687,648,715,390,416
560,897.85,21.92,33.50,31682,640,707,387,407
561,897.91,21.91,33.60,31691,629,698,383,396
562,897.86,21.88,33.60,31679,620,690,380,387
563,897.90,21.92,33.70,31690,609,679,376,376
564,897.97,21.90,33.60,31675,600,671,373,368
565,897.87,21.94,33.80,31666,592,663,369,361
566,897.92,21.93,33.70,31659,584,656,365,354
567,897.95,21.91,33.80,31655,574,647,361,346
568,897.94,21.95,33.80,31658,563,636,356,336
569,897.91,21.90,33.80,31659,564,636,356,339
570,897.84,21.89,33.90,31654,561,633,354,337
571,897.88,21.91,33.90,31659,559,631,353,335
572,897.85,21.92,33.80,31667,558,630,353,334
573,898.00,21.92,33.90,31662,559,630,353,334
574,897.95,21.93,33.90,31659,559,630,353,334
575,897.95,21.93,33.90,31642,560,631,353,334
576,897.93,21.90,33.90,31651,560,631,353,335
577,897.95,21.91,34.00,31647,560,631,353,334
578,897.99,21.90,34.00,31662,558,629,352,334
579,897.98,21.92,33.90,31667,558,629,351,334
580,898.00,21.92,33.80,31674,558,627,351,334
581,897.97,21.94,33.80,31671,555,624,349,333
582,897.95,21.94,34.00,31671,550,618,345,330
583,897.99,21.95,34.00,31666,524,596,336,308
584,898.00,21.92,34.10,31671,514,587,333,299
585,897.98,21.93,34.10,31662,505,579,330,289
586,897.93,21.93,34.10,31675,543,613,343,325
587,898.01,21.92,34.00,31667,567,634,352,343
588,898.06,21.93,34.00,31670,573,641,356,347
589,897.97,21.94,34.10,31691,577,646,358,349
590,897.98,21.94,34.10,31686,579,648,359,351
591,898.00,21.89,34.10,31683,579,649,360,351
592,897.92,21.88,34.10,31687,579,649,360,351
593,898.08,21.92,34.10,31710,578,648,359,351
594,898.06,21.94,34.00,31719,576,646,358,350
595,897.98,21.94,34.00,31726,575,644,357,350
596,897.94,21.90,34.00,31727,573,642,356,349
597,898.04,21.92,34.00,31727,573,641,355,349
598,898.04,21.91,34.10,31706,572,639,354,350
599,897.92,21.91,34.20,31703,567,634,352,347
600,897.95,21.91,34.20,31714,570,636,352,352
601,898.03,21.92,34.10,31719,571,636,351,354
602,897.96,21.91,34.10,31715,574,638,352,358
603,897.99,21.91,34.10,31710,549,616,343,335
604,898.02,21.93,34.00,31723,566,631,349,354
605,897.92,21.93,34.10,31738,556,623,345,342
606,898.01,21.91,34.10,31743,569,635,351,354
607,897.94,21.91,34.10,31743,575,641,354,357
608,897.95,21.92,34.10,31742,583,650,358,363
609,897.96,21.93,34.00,31731,591,657,361,368
610,897.99,21.91,34.10,31734,600,666,364,377
611,897.91,21.93,34.10,31743,600,666,365,376
612,897.97,21.90,34.20,31739,611,676,370,387
613,897.99,21.91,34.20,31742,596,664,364,372
614,897.99,21.91,34.30,31731,588,658,362,367
615,898.04,21.89,34.20,31718,587,657,361,366
616,898.05,21.90,34.20,31739,585,654,361,364
617,897.96,21.91,34.20,31735,582,651,359,361
618,898.02,21.90,34.30,31754,576,645,357,356
619,898.06,21.93,34.30,31747,573,643,356,353
620,897.97,21.92,34.10,31746,575,644,356,354
621,897.98,21.94,34.10,31751,579,648,358,357
622,898.03,21.95,34.20,31751,585,654,361,362
623,898.01,21.95,34.20,31734,593,660,363,367
624,897.95,21.94,34.20,31743,597,665,366,371
625,897.96,21.92,34.20,31750,597,666,365,371
626,897.89,21.92,34.10,31739,608,675,370,381
627,898.00,21.93,34.10,31735,613,680,372,386
628,898.06,21.90,34.10,31734,614,681,373,387
629,897.99,21.92,34.10,31735,613,680,373,386
630,897.96,21.91,34.20,31730,610,677,372,383
631,898.05,21.90,34.20,31739,607,675,371,381
632,898.06,21.93,34.30,31735,603,671,369,378
633,898.00,21.92,34.20,31726,587,657,363,364
634,898.07,21.93,34.10,31735,584,654,361,364
635,898.00,21.94,34.10,31726,590,656,362,369
636,898.07,21.94,34.20,31735,588,654,361,370
637,898.01,21.93,34.10,31735,576,644,356,360
638,898.03,21.93,34.20,31738,571,638,354,356
639,898.02,21.87,34.30,31727,570,636,352,356
640,897.96,21.92,34.30,31714,570,635,351,356
641,897.96,21.93,34.30,31719,566,630,349,353
642,898.03,21.90,34.20,31727,562,626,348,350
643,897.96,21.93,34.20,31726,556,621,345,345
644,898.06,21.91,34.30,31743,550,614,342,339
645,897.95,21.90,34.20,31730,540,606,338,332
646,897.99,21.93,34.20,31739,533,599,336,326
647,898.03,21.93,34.20,31727,525,592,332,320
648,897.90,21.94,34.10,31726,519,585,329,314
649,897.89,21.87,34.20,31735,513,579,326,310
650,897.98,21.91,34.20,31730,509,575,323,307
651,898.00,21.87,34.20,31739,505,571,322,304
652,898.00,21.91,34.20,31755,504,570,321,303
653,897.97,21.90,34.30,31750,503,569,320,303
654,897.89,21.88,34.30,31775,504,569,321,304
655,897.96,21.89,34.30,31762,505,570,321,306
656,897.95,21.91,34.30,31763,506,572,321,307
657,897.90,21.92,34.20,31763,508,574,323,309
658,897.96,21.91,34.30,31762,511,576,325,311
659,897.92,21.89,34.40,31771,515,580,326,315
660,897.94,21.87,34.30,31766,518,583,327,317
661,897.93,21.87,34.20,31771,522,588,329,321
662,897.99,21.85,34.20,31791,527,592,331,324
663,897.91,21.84,34.20,31778,531,596,333,328
664,897.97,21.87,34.30,31787,535,600,335,331
665,897.95,21.85,34.20,31782,538,603,336,334
666,897.96,21.86,34.20,31779,540,606,337,337
667,898.02,21.84,34.30,31783,542,607,338,338
668,897.90,21.87,34.30,31790,542,607,338,339
669,897.98,21.89,34.20,31807,543,607,338,339
670,897.91,21.90,34.10,31818,542,607,338,339
671,898.01,21.88,34.10,31811,540,605,337,337
672,897.92,21.87,34.00,31823,537,601,335,334
673,897.98,21.83,34.00,31858,533,597,333,330
674,897.93,21.79,33.90,31883,529,593,331,327
675,897.95,21.80,33.90,31870,525,588,330,323
676,897.99,21.81,33.90,31875,519,583,327,319
677,898.06,21.84,34.00,31859,514,577,325,314
678,898.00,21.82,34.00,31862,509,572,321,310
679,898.02,21.87,34.00,31859,504,567,319,306
680,897.97,21.88,34.00,31846,499,563,317,303
681,897.95,21.86,34.00,31843,493,557,315,299
682,898.00,21.88,34.10,31823,487,551,312,294
683,897.91,21.90,34.20,31810,482,546,309,290
684,897.97,21.89,34.20,31811,477,541,307,286
685,898.00,21.88,34.30,31818,472,536,305,282
686,897.96,21.88,34.30,31819,469,533,304,279
687,897.91,21.90,34.20,31823,466,529,303,276
688,898.03,21.92,34.30,31818,462,526,300,273
689,898.03,21.93,34.30,31803,459,523,299,271
690,898.04,21.90,34.30,31814,456,521,298,269
691,897.96,21.92,34.30,31811,453,519,297,267
692,898.04,21.90,34.20,31835,451,517,296,265
693,897.93,21.91,34.10,31846,450,515,295,264
694,897.94,21.93,34.10,31835,448,513,294,262
695,898.02,21.91,34.10,31830,447,512,294,262
696,898.04,21.90,34.30,31835,447,512,294,262
697,897.98,21.89,34.30,31819,447,512,293,262
698,897.96,21.91,34.30,31834,447,512,293,262
699,898.00,21.89,34.10,31835,447,512,294,263
700,897.96,21.90,34.20,31838,448,513,294,263
701,898.04,21.92,34.20,31831,449,513,294,264
702,898.07,21.91,34.30,31843,449,514,294,264
703,898.01,21.91,34.20,31862,449,514,294,265
704,897.99,21.92,34.20,31855,450,514,294,266
705,898.04,21.92,34.10,31842,451,515,294,267
706,898.06,21.91,34.20,31851,452,515,294,269
707,898.04,21.87,34.20,31839,452,515,294,269
708,898.03,21.88,34.30,31842,427,493,285,246
709,898.02,21.90,34.30,31843,409,477,278,233
710,898.04,21.88,34.30,31834,392,461,271,219
711,898.02,21.87,34.30,31823,388,456,268,217
712,898.01,21.88,34.30,31827,387,453,267,218
713,898.03,21.88,34.30,31842,400,464,270,231
714,898.03,21.85,34.30,31839,428,488,280,256
715,898.07,21.86,34.10,31838,439,496,283,266
716,898.02,21.89,34.20,31843,440,497,283,267
717,898.02,21.84,34.00,31847,440,498,283,268
718,898.01,21.90,34.10,31842,432,491,281,260
719,898.04,21.89,34.10,31839,405,469,271,235
720,898.02,21.85,34.20,31838,390,456,267,223
721,897.93,21.88,34.10,31859,400,464,270,231
722,898.06,21.86,34.10,31871,403,466,270,234
723,898.00,21.83,34.10,31862,414,475,273,246
724,897.87,21.82,34.10,31851,423,481,275,253
725,898.01,21.80,34.10,31854,434,490,277,266
726,897.94,21.77,34.10,31855,435,490,277,267
727,898.07,21.81,34.10,31871,436,491,277,268
728,897.96,21.81,33.90,31866,437,491,277,269
729,897.94,21.78,33.90,31859,438,492,277,270
730,897.97,21.82,34.00,31858,426,482,273,260
731,898.02,21.84,34.10,31879,434,488,276,268
732,898.03,21.84,34.00,31887,442,496,278,275
733,898.07,21.84,34.20,31866,449,504,283,281
734,898.01,21.85,34.10,31867,460,514,288,288
735,898.03,21.90,34.00,31866,473,527,293,298
736,897.95,21.91,33.80,31867,449,510,288,276
737,898.00,21.91,33.80,31883,471,529,296,293
738,897.95,21.92,33.80,31870,497,553,306,319
739,897.99,21.89,33.90,31859,495,552,306,317
740,898.00,21.88,33.80,31850,520,573,314,338
741,898.03,21.91,33.80,31851,532,585,319,350
742,898.02,21.89,33.90,31859,538,591,321,355
743,897.98,21.82,33.80,31874,511,568,313,330
744,897.99,21.78,33.80,31895,520,575,316,339
745,898.06,21.76,33.80,31898,543,596,325,359
746,898.04,21.77,33.80,31903,564,615,333,376
747,897.99,21.74,33.70,31911,569,620,335,379
748,898.02,21.78,33.80,31910,570,622,336,379
749,898.01,21.81,33.80,31903,574,627,338,381
750,897.95,21.84,34.00,31910,574,627,338,380
751,898.00,21.85,33.90,31895,573,626,339,379
752,897.98,21.82,33.90,31899,568,622,336,374
753,897.99,21.85,34.00,31894,562,615,334,369
754,898.09,21.81,34.00,31863,554,608,330,362
755,898.05,21.82,34.10,31846,550,604,328,359
756,897.95,21.83,34.20,31807,543,597,325,354
757,897.90,21.85,34.20,31779,538,592,322,350
758,897.97,21.86,34.30,31738,536,589,320,349
759,897.95,21.84,34.30,31711,524,578,315,343
760,897.92,21.78,34.60,31706,547,598,323,356
761,897.99,21.77,34.70,31739,660,739,407,410
762,898.03,21.76,34.80,31739,561,624,347,343
763,897.97,21.79,34.70,31778,581,646,358,358
764,898.10,21.80,34.60,31787,630,701,387,394
